{
  "hash": "20997be1",
  "configHash": "e974af12",
  "lockfileHash": "d8313070",
  "browserHash": "6596f622",
  "optimized": {
    "@angular/common": {
      "src": "../../../../../../node_modules/@angular/common/fesm2022/common.mjs",
      "file": "@angular_common.js",
      "fileHash": "e20dc27d",
      "needsInterop": false
    },
    "@angular/common/http": {
      "src": "../../../../../../node_modules/@angular/common/fesm2022/http.mjs",
      "file": "@angular_common_http.js",
      "fileHash": "72c713ce",
      "needsInterop": false
    },
    "@angular/core": {
      "src": "../../../../../../node_modules/@angular/core/fesm2022/core.mjs",
      "file": "@angular_core.js",
      "fileHash": "a883110b",
      "needsInterop": false
    },
    "@angular/platform-browser": {
      "src": "../../../../../../node_modules/@angular/platform-browser/fesm2022/platform-browser.mjs",
      "file": "@angular_platform-browser.js",
      "fileHash": "96414664",
      "needsInterop": false
    },
    "@angular/router": {
      "src": "../../../../../../node_modules/@angular/router/fesm2022/router.mjs",
      "file": "@angular_router.js",
      "fileHash": "a5faf8a1",
      "needsInterop": false
    }
  },
  "chunks": {
    "chunk-N537UPWY": {
      "file": "chunk-N537UPWY.js"
    },
    "chunk-RNEKZLHO": {
      "file": "chunk-RNEKZLHO.js"
    },
    "chunk-WWC5APFF": {
      "file": "chunk-WWC5APFF.js"
    },
    "chunk-I4AHI2R4": {
      "file": "chunk-I4AHI2R4.js"
    }
  }
}